{"episode_rewards": [37.995238095236815, 717.0974522292607, 709.5989966554863, -62.290812720849864, 625.9869565217093, 762.4468164793683, 640.5374501991762], "mean": 490.19601392276974, "std": 321.71668855367585}